{"cameraMode":{"drawMode":0,"name":"Shaded","section":"Shading Mode"},"sceneLighting":false,"audioPlay":false,"sceneViewState":{"m_AlwaysRefresh":false,"showFog":true,"showSkybox":false,"showFlares":true,"showImageEffects":true,"showParticleSystems":true,"showVisualEffectGraphs":true,"m_FxEnabled":true},"in2DMode":false,"pivot":{"x":8.103981971740723,"y":12.137933731079102,"z":7.871506690979004},"rotation":{"x":0.01177160069346428,"y":0.9007879495620728,"z":0.0234086774289608,"w":0.42856571078300478},"size":14.927042007446289,"orthographic":false}