{"cameraMode":{"drawMode":0,"name":"Shaded","section":"Shading Mode"},"sceneLighting":true,"audioPlay":false,"sceneViewState":{"m_AlwaysRefresh":false,"showFog":true,"showSkybox":false,"showFlares":true,"showImageEffects":true,"showParticleSystems":true,"showVisualEffectGraphs":true,"m_FxEnabled":true},"in2DMode":false,"pivot":{"x":0.6984177231788635,"y":3.7119603157043459,"z":25.071510314941408},"rotation":{"x":-0.001672197598963976,"y":-0.9739499092102051,"z":0.12297651171684265,"w":-0.18054310977458955},"size":6.363098621368408,"orthographic":false}