{"cameraMode":{"drawMode":0,"name":"Shaded","section":"Shading Mode"},"sceneLighting":true,"audioPlay":false,"sceneViewState":{"m_AlwaysRefresh":false,"showFog":true,"showSkybox":false,"showFlares":true,"showImageEffects":true,"showParticleSystems":true,"showVisualEffectGraphs":true,"m_FxEnabled":true},"in2DMode":false,"pivot":{"x":-3.9073290824890138,"y":7.735959053039551,"z":37.88433837890625},"rotation":{"x":0.0825558677315712,"y":-0.001089312369003892,"z":-0.018433503806591035,"w":0.9945515990257263},"size":6.062177658081055,"orthographic":false}