{"cameraMode":{"drawMode":0,"name":"Shaded","section":"Shading Mode"},"sceneLighting":true,"audioPlay":false,"sceneViewState":{"m_AlwaysRefresh":false,"showFog":true,"showSkybox":false,"showFlares":true,"showImageEffects":true,"showParticleSystems":true,"showVisualEffectGraphs":true,"m_FxEnabled":true},"in2DMode":false,"pivot":{"x":-1.5045398473739625,"y":3.0362656116485597,"z":0.3549058139324188},"rotation":{"x":0.027507415041327478,"y":-0.9880664348602295,"z":0.0890570804476738,"w":0.10634922236204148},"size":6.062177658081055,"orthographic":false}