{"cameraMode":{"drawMode":0,"name":"Shaded","section":"Shading Mode"},"sceneLighting":false,"audioPlay":false,"sceneViewState":{"m_AlwaysRefresh":false,"showFog":true,"showSkybox":false,"showFlares":true,"showImageEffects":true,"showParticleSystems":true,"showVisualEffectGraphs":true,"m_FxEnabled":true},"in2DMode":false,"pivot":{"x":-2.9341654777526857,"y":0.2519681453704834,"z":1.4816923141479493},"rotation":{"x":0.0166096743196249,"y":-0.9586913585662842,"z":0.2778892517089844,"w":0.006941982079297304},"size":3.0748465061187746,"orthographic":false}